{
    "Precision": 75.01364177209692,
    "Recall": 77.15372479674784,
    "F1": 75.75694213422788
}