{
    "Precision": 83.76374689460148,
    "Recall": 85.17635930752714,
    "F1": 84.3078800738436
}